"name","phone"
"A-Plus Plumbing Contractor Inc","(956) 267-1536"
"Aztec House Leveling & Remodeling","(956) 413-6213"
"San Antonio Foam Fabricators","(210) 657-5917"
"Mair's Manufactured Home Supply","(210) 633-2281"
"Triple O Construction","(956) 712-4701"
"Alderete","(956) 722-0891"
"Zertuche Construction","(956) 727-3112"
"La Contractors","(956) 728-7726"
"Azar Builders","(956) 726-8188"
"Red Corp Enterprises LLC","(956) 701-3433"
"Kc Southern","(956) 753-6184"
"Trazos Design & Construction, Inc.","(956) 324-4557"
"Ellis & Ellis Inc","(956) 712-0887"
"Park Avenue Construction","(956) 727-7275"
"Lohmer Commercial Service","(956) 791-3042"
"Acdc Electric Service","(956) 724-4684"
"Pepper Construction","(956) 722-0519"
"Pro-Builder, Inc.","(956) 237-6419"
"United So Tx Construction & Fild Svcs","(956) 722-7116"
"Leyendecker Construction Inc","(956) 722-0531"
"Hi-Tech Tilt","(956) 724-1153"
"Roka Builders","(956) 729-1588"
"Lccs","(956) 568-9573"
"A & F Builders Inc","(956) 723-2201"
"Gilco Homes","(956) 722-1252"
"Border Building Company","(956) 725-8000"
"Wash It Off","(956) 763-4962"
"Campos Builder Inc","(956) 712-0239"
"McLean Construction","(956) 717-5996"
"Star Operations","(956) 718-5817"
"K R K Homes","(956) 727-0499"
"Robert Marshall Construction","(361) 747-5518"
"Azar Builders","(956) 726-8188"
"Kc Southern","(956) 753-6184"
"Ellis & Ellis Inc","(956) 712-0887"
"Park Avenue Construction","(956) 727-7275"
"Lohmer Commercial Service","(956) 791-3042"
"Acdc Electric Service","(956) 724-4684"
"Pepper Construction","(956) 722-0519"
"Pro-Builder, Inc.","(956) 237-6419"
"United So Tx Construction & Fild Svcs","(956) 722-7116"
"Leyendecker Construction Inc","(956) 722-0531"
"Hi-Tech Tilt","(956) 724-1153"
"Roka Builders","(956) 729-1588"
"Lccs","(956) 568-9573"
"A & F Builders Inc","(956) 723-2201"
"Gilco Homes","(956) 722-1252"
"Border Building Company","(956) 725-8000"
"Wash It Off","(956) 763-4962"
"Campos Builder Inc","(956) 712-0239"
"McLean Construction","(956) 717-5996"
"Star Operations","(956) 718-5817"
"M G Builders","(956) 726-4212"
"Sanchez Ninfa","(956) 728-9320"
"Arch Angelos","(956) 722-1305"
"Dice Builders","(361) 462-7448"
"Construction","(956) 602-8100"
"Memo Gallegos Backhoe Service","(956) 740-0929"
"Rhino Builders","(956) 724-4442"
"Gonzalez Weed Control & Construction","(956) 796-1256"